GWAVA RUNFILE,All rows MUST contain values  use 'x' where there is no input file 
**********************************************************************************,**********************************************************
INPUTS,
Physical_parameters_file,
Demands_file,
Climate_data_file,climate_2001_2010.dat
Climate_anomalies_file,x
Subcatchment_file,subcatchment_calibration.dat
Mountain_file,mountains.dat
Glaciers_file,glaciers.dat
Extra_monthly_demands_file,Extra_demands.dat
Groundwater_availability_file,x
Transfers_file,transfers.dat
Boundary_flow_conditions(input),x
**********************************************************************************,**********************************************************
OUTPUTS,
Logfile,core_log.txt
Total_flows_(m3),totQ.dat
Local_flows_(m3),locQ.dat
Statistics_file,statQ.dat
Quick_Slow_flow_(m3),QS.dat
Actual_evaporation_file,Evap.dat
**********************************************************************************,**********************************************************
MODEL CONSTANTS,
Daily(366)_or_monthly(12)_timestep,366
Start_year_of_run,2001
End_year_of_run,2010
Number_of_years_for_model_warm-up_period,30
**********************************************************************************,**********************************************************
MODEL OPTIONS,
Use_groundwater_availability_data_(yes=1_no=0),0
Actual_demands_(0)_or_uniform_demands_(1),0
Include_irrigation_demands_(yes=1_no=0),1
Calculations_using_extra_monthly_demands_file_(yes=1_no=0),1
Use_routing/loss_model_(yes=1_no=0),1
Lake/reservoir/wetland_model_(yes=1_no=0),1
Glacier_model_(0=No__1=Sagarmatha),1
Snowmelt_component_(yes=1_no=0),1
Use_subcatchments_calibration_parameters_(yes=1_no=0),1
Use_transfers_(yes=1_no=0),1
Produce_input_files_for_WQ_module_(yes=1_no=0),0
**********************************************************************************,**********************************************************
CALIBRATION OPTIONS,
Calibration_function:_(1)Absolute_diff__(2)RMSE__(3)LogNash__(4)Nash_Sut,4
Metadata_calibration_file,meta_data_level_2.csv
Calibration_results_file,results_level_2.csv
Only_run_cells_in_subcatchments_file_(yes=1_no=0),0
Adjustment_factor_for_Vorosmarty_variables_(fact),1
PDM_parameter_b,3
PDM_parameter_grout,2.12
PDM_parameter_srout,0.084
PDM_parameter_Baseflow_recession_power,3
PDM_parameter_Groundwater_recession_(for_glacier_module_only),0
Temperature_below_which_snow_starts_to_fall_(deg_C),0
Temperature_above_which_snow_starts_to_melt_(deg_C),0
Degree_day_factor_for_snow_(rate_at_which_snow_melts)_mm/day/degrees_C,0
**********************************************************************************,**********************************************************
DEMANDS CONSTANTS,
%_loss_for_water_supplies-URBAN,14.83
%_loss_for_water_supplies-RURAL,14.83
Irrigation_efficiency(%),44.11
Proportional_return-URBAN,0.45
Proportional_return-RURAL,0.45
Uniform_ideal_demands_(l-c-d)_(if_using_uniform_demands)-URBAN,150
Special_city_demands_(l-c-d),353
Weight_between_and_special_and_ordinary_demands,0.5
Uniform_ideal_demands_(l-c-d)_(if_using_uniform_demands)-RURAL,79.7
Demand_for_cattle_(l-c-d),45
Demand_for_sheep_and_goats_(l-c-d),4
**********************************************************************************,**********************************************************
PDM GROUNDWATER STORE VALUES,
(0)No_drainage__(1)fixed_drainage__(2)cubic_fn._on_annual_rainfall__(3)exp._fn._on_annual_rainfall,1
Can_groundwater_store_go_negative_(yes=1_no=0),0
Rate_of_loss_from_subsurface_store_(between_0_and_1),0.1
Prop._SW_to_GW+SW_to_be_used_for_demands-URBAN,0.1
Prop._SW_to_GW+SW_to_be_used_for_demands-RURAL,0.1
Prop._SW_to_GW+SW_to_be_used_for_demands-INDUSTRIAL,0.1
Prop._SW_to_GW+SW_to_be_used_for_demands-IRRIGATION,0.1
**********************************************************************************,**********************************************************
