Postprocessor Input File,,,
,,,
1. Water resources reliability and demands statistics,,,
Filepath of GWAVA statistics output file,Folder for output files,"Required outputs (1. SWAI, GWAI, TWAI or 2. Annual or 3. Monthly dry or 4. Demands or 0. All files)",Format for output files (1. .asc or 2. .csv)
,,,
,,,
2.  Time series for all or selected cells (m3/s) and average monthly seasonality (m3/s),,,
Filepath of GWAVA flows binary output file,Filepath of subcatchments file if required (# if not),"Filepath for output (* .csv, * .nc)",
totQ.dat,subcatchment_postpro.csv,totQ.csv,0
