PREPROCESSOR INPUT FILE,
,
1. PARAMETER (Compulsory) 2. DEMANDS (Compulsory) 3. CLIMATE (Compulsory) 4. SUBCATCHMENTS,
 5. MOUNTAINS 6. GLACIERS 7. EXTRA 8. GROUNDWATER DEMANDS AVAILABILITY,
************************************************************************************************,"ALL inputs must be entered. For no input, please use 'x'"
,
PREPROCESSOR DETAILS (COMPULSORY),*********
Binary_Physical_Parameter_filename,PhysicalParameters.dat
Size_of_model_grid_cells,1
Logfile_path_and_name,prepro_log.txt
************************************************************************************************,
1. PHYSICAL PARAMETERS,
Parameters_.csv_file,PhysicalParameters.csv
Parameter_binary_output,PhysicalParameters.dat
Transfers_.csv_file,transfers.csv
Transfers_binary_output,transfers.dat
Inter-basin_transfer_file,x
Inter-basin_transfer_binary_output,x
************************************************************************************************,
2. DEMANDS,
Demands_.csv_file,demands.csv
Demands_binary_output,demands.dat
************************************************************************************************,
3. CLIMATE,
Climate_input:_(1)NetCDF_(2)CSV_(3)check_climate_file_(4)Get_variable_names_from_NetCDFs,3
Year_to_start_climate_input,2001
Year_to_finish_climate_input,2010
Rain_input_file,x
Mean_temp_input,x
Max_temp_input(if_calculating_PET),x
Min_temp_input(if_calculating_PET),x
PET_file_name(if_provided),x
Climate_output_path_and_name(no_extension),x
*********************************For NetCDF input only (option 2)**************************************,
Rain_variable_name,x
Mean_temp_variable_name,x
Max_temp_variable_name,x
Min_temp_variable_name,x
PET_variable_name(if_input),x
Variable_name_for_longitude_in_NetCDF:,x
Variable_name_for_latitude_in_NetCDF:,x
Is_temperature_in_Kelvins(K)_or_Celsius(C):,K
Start_year_of_NetCDF_timeseries,x
Leap_years,Y
*********************************For climate checking only (option 3)*************************************,
Path_and_name_of_climate_.dat,climate_daily.dat
Path_and_name_of_climate_anomalies.dat(if_monthly),x
**********************************************************************************************,
4. SUBCATCHMENTS,
Subcatchment_.csv_file,subcatchment_calibration.csv
Subcatchment_binary_output,subcatchment_calibration.dat
************************************************************************************************,
5. MOUNTAINS,
Mountain_.csv_file,mountains.csv
Mountain_binary_output,mountains.dat
************************************************************************************************,
6. GLACIERS,
Glaciers_.csv_file,glaciers.csv
Glaciers_binary_output,glaciers.dat
Processed_mountains_binary_file,mountains.dat
************************************************************************************************,
7.  EXTRA DEMANDS,
Extra_demands_.csv_file,Extra_demands.csv
Extra_demands_binary_output,Extra_demands.dat
************************************************************************************************,
8.  GROUNDWATER DEMANDS AVAILABILITY,
Groundwater_availability_.csv_file,x
Groundwater_availability_binary_output,x
